{
	"name": "__MSG_name__",
	"version": "0.0.4",
	"description": "__MSG_description__",
	"default_title": "__MSG_default_title__",
	"default_locale": "en",

	"icons": {
		"16": "icon.png",
		"32": "icon.png",
		"128": "icon_128.png"
	},

	"permissions": [
		"tabs",
		"http://*/*",
		"https://*/*"
	],

	"browser_action": {
		"default_icon": "icon.png",
		"default_title": "rooler",
		"popup": "popup.html"
	},

	"background_page": "background.html",
	"update_url": "http://apps.blois.us/rooler/update.xml"
}
